<?xml version="1.0" encoding="UTF-8"?>
<project-private xmlns="http://www.netbeans.org/ns/project-private/1">
    <editor-bookmarks xmlns="http://www.netbeans.org/ns/editor-bookmarks/2" lastBookmarkId="0"/>
    <open-files xmlns="http://www.netbeans.org/ns/projectui-open-files/2">
        <group>
            <file>file:/G:/JAVA%203/Ducnvph07966_SOF203_Ass2/src/ducnvph07966_sof203_ass2/QLSV.java</file>
            <file>file:/G:/JAVA%203/Ducnvph07966_SOF203_Ass2/src/Login.java</file>
            <file>file:/G:/JAVA%203/Ducnvph07966_SOF203_Ass2/src/ducnvph07966_sof203_ass2/QLĐSV.java</file>
        </group>
    </open-files>
</project-private>
